{"training F1": 0.681606113910675, "training threshold": 0.4399999678134918, "training precision": 0.7461308836936951, "training recall": 0.6273530721664429, "step": 36750, "epoch": 15.0, "_runtime": 23370, "_timestamp": 1634663131, "_step": 154, "validation specific F1": 0.6826199293136597, "validation specific threshold": 0.4399999678134918, "validation specific precision": 0.78361576795578, "validation specific recall": 0.6046854853630066, "validation F1": 0.6836362481117249, "validation threshold": 0.47999998927116394, "validation precision": 0.7572540640830994, "validation recall": 0.6230639815330505, "loss": 0.4411225482821465, "labeled_percentage": 100, "time": 615.3389516999996, "net_checkpoint": 15, "checkpoint_step": 36750, "train_threshold": 0.44, "validation_threshold": 0.48, "NA_AU F1": 0.5830590128898621, "NA_AU precision": 0.639109194278717, "NA_AU recall": 0.5360473990440369, "SA F1": 0.6215261220932007, "SA precision": 0.6836808323860168, "SA recall": 0.569730818271637, "EU F1": 0.5895518660545349, "EU precision": 0.5393611192703247, "EU recall": 0.6500420570373535, "SSA F1": 0.5138028264045715, "SSA precision": 0.6220253705978394, "SSA recall": 0.4376573860645294, "NAF_ME F1": 0.5396843552589417, "NAF_ME precision": 0.5829375386238098, "NAF_ME recall": 0.5024063587188721, "AS F1": 0.5646883249282837, "AS precision": 0.5862032771110535, "AS recall": 0.5446968078613281, "total F1": 0.5663923025131226, "total precision": 0.6084665656089783, "total recall": 0.5297604203224182, "_wandb": {"runtime": 23369}}