{"training F1": 0.4811004102230072, "training threshold": 0.41999998688697815, "training precision": 0.5678271651268005, "training recall": 0.41735580563545227, "step": 1000, "epoch": 0.0404122044857547, "_runtime": 359, "_timestamp": 1634773310, "_step": 3, "validation specific F1": 0.4839746057987213, "validation specific threshold": 0.41999998688697815, "validation specific precision": 0.47517475485801697, "validation specific recall": 0.4931066036224365, "validation F1": 0.5103427171707153, "validation threshold": 0.25999999046325684, "validation precision": 0.6465216875076294, "validation recall": 0.4215501844882965, "sar_loss": 0.8300464496439564, "optical_loss": 0.8423944528358592, "fusion_loss": 0.7724934599188976, "supervised_loss": 2.444934365501163, "consistency_loss": 0.015472641330586666, "loss_set": 1.563023516267538, "labeled_percentage": 39.900000000000006, "time": 349.9647833}