{"training F1": 0.7810838222503662, "training threshold": 0.4399999678134918, "training precision": 0.825334370136261, "training recall": 0.7413367629051208, "step": 252960, "epoch": 20.0, "_runtime": 149419, "_timestamp": 1634923498, "_step": 1029, "validation specific F1": 0.7652503252029419, "validation specific threshold": 0.4399999678134918, "validation specific precision": 0.8225114941596985, "validation specific recall": 0.7154428958892822, "validation F1": 0.7652503252029419, "validation threshold": 0.4399999678134918, "validation precision": 0.8225114941596985, "validation recall": 0.7154428958892822, "sar_loss": 0.5550091009894961, "optical_loss": 0.4332668539808848, "fusion_loss": 0.3955501250671147, "supervised_loss": 1.3838260785109506, "consistency_loss": 0.09124147045684876, "loss_set": 1.2786706913411616, "labeled_percentage": 38.125, "time": 582.0999088000099, "net_checkpoint": 20, "checkpoint_step": 252960, "train_threshold": 0.44, "validation_threshold": 0.44, "NA_AU F1": 0.7255377769470215, "NA_AU precision": 0.7565992474555969, "NA_AU recall": 0.6969260573387146, "SA F1": 0.7401956915855408, "SA precision": 0.7864441871643066, "SA recall": 0.6990846395492554, "EU F1": 0.6408253908157349, "EU precision": 0.6557376980781555, "EU recall": 0.62657630443573, "SSA F1": 0.588070273399353, "SSA precision": 0.7586259245872498, "SSA recall": 0.4801271855831146, "NAF_ME F1": 0.5251327753067017, "NAF_ME precision": 0.8137558102607727, "NAF_ME recall": 0.38764339685440063, "AS F1": 0.6297822594642639, "AS precision": 0.7415966987609863, "AS recall": 0.547267735004425, "total F1": 0.6528135538101196, "total precision": 0.7535861134529114, "total recall": 0.5758134722709656, "_wandb": {"runtime": 149418}}